<?xml version="1.0" encoding="UTF-8" ?>
<configuration scan="true">
    <jmxConfigurator />
    <appender name="FILE" class="ch.qos.logback.core.rolling.RollingFileAppender">
        <file>cassandra/system.log</file>
        <rollingPolicy class="ch.qos.logback.core.rolling.FixedWindowRollingPolicy">
            <fileNamePattern>cassandra/system.log.%i.zip</fileNamePattern>
            <minIndex>1</minIndex>
            <maxIndex>20</maxIndex>
        </rollingPolicy>

        <triggeringPolicy class="ch.qos.logback.core.rolling.SizeBasedTriggeringPolicy">
            <maxFileSize>20MB</maxFileSize>
        </triggeringPolicy>
        <encoder>
            <pattern>%-5level [%thread] %date{ISO8601} %F:%L - %msg%n</pattern>
            <!-- old-style log format
            <pattern>%5level [%thread] %date{ISO8601} %F (line %L) %msg%n</pattern>
            -->
        </encoder>
    </appender>

    <appender name="STDOUT" class="ch.qos.logback.core.ConsoleAppender">
        <encoder>
            <pattern>%-5level %date{HH:mm:ss,SSS} %msg%n</pattern>
        </encoder>
    </appender>

    <root level="INFO">
        <appender-ref ref="FILE" />
        <appender-ref ref="STDOUT" />
    </root>

    <logger name="com.thinkaurelius.thrift" level="ERROR"/>
</configuration>
